{
  "project_info": {
    "project_number": "541129338106",
    "project_id": "tripbudgeter-c3bac",
    "storage_bucket": "tripbudgeter-c3bac.firebasestorage.app"
  },
  "client": [
    {
      "client_info": {
        "mobilesdk_app_id": "1:541129338106:android:c7d095bc611875ac43ed43",
        "android_client_info": {
          "package_name": "com.example.project"
        }
      },
      "oauth_client": [],
      "api_key": [
        {
          "current_key": "AIzaSyDyDqVCHt-iFe1ZLra6KztMUTmL-7pR3uo"
        }
      ],
      "services": {
        "appinvite_service": {
          "other_platform_oauth_client": []
        }
      }
    },
    {
      "client_info": {
        "mobilesdk_app_id": "1:541129338106:android:493cb73f9096e2ea43ed43",
        "android_client_info": {
          "package_name": "com.example.trip_budgeter"
        }
      },
      "oauth_client": [],
      "api_key": [
        {
          "current_key": "AIzaSyDyDqVCHt-iFe1ZLra6KztMUTmL-7pR3uo"
        }
      ],
      "services": {
        "appinvite_service": {
          "other_platform_oauth_client": []
        }
      }
    }
  ],
  "configuration_version": "1"
}